Link Name,Center of Mass X,Center of Mass Y,Center of Mass Z,Center of Mass Roll,Center of Mass Pitch,Center of Mass Yaw,Mass,Moment Ixx,Moment Ixy,Moment Ixz,Moment Iyy,Moment Iyz,Moment Izz,Visual X,Visual Y,Visual Z,Visual Roll,Visual Pitch,Visual Yaw,Mesh Filename,Color Red,Color Green,Color Blue,Color Alpha,Collision X,Collision Y,Collision Z,Collision Roll,Collision Pitch,Collision Yaw,Collision Mesh Filename,Material Name,SW Components,Coordinate System,Axis Name,Joint Name,Joint Type,Joint Origin X,Joint Origin Y,Joint Origin Z,Joint Origin Roll,Joint Origin Pitch,Joint Origin Yaw,Parent,Joint Axis X,Joint Axis Y,Joint Axis Z,Limit Effort,Limit Velocity,Limit Lower,Limit Upper,Calibration rising,Calibration falling,Dynamics Damping,Dynamics Friction,Safety Soft Upper,Safety Soft Lower,Safety K Position,Safety K Velocity
hand_l_base_link,0.00036406,-0.0032777,-0.042602,0,0,0,0.090005,6.481E-05,1.6412E-06,2.5224E-06,0.00011076,-4.1669E-06,5.5293E-05,0,0,0,0,0,0,../meshes/hand_l_base_link.STL,1,1,1,1,0,0,0,0,0,0,../meshes/hand_l_base_link.STL,,Mirror掌心-1,base_csys,,,,0,0,0,0,0,0,,0,0,0,,,,,,,,,,,,
hand_l_thumb_link1,5.8065E-05,-0.011609,-3.0004E-11,0,0,0,0.0043002,2.2304E-07,2.6867E-10,2.3034E-15,1.2042E-07,-7.3551E-15,1.2076E-07,0,0,0,0,0,0,../meshes/hand_l_thumb_link1.STL,1,1,1,1,0,0,0,0,0,0,../meshes/hand_l_thumb_link1.STL,,Mirror大拇指模组-5.0-1/Mirror拇指CMC模组-02-1/Mirror拇指YAW旋转轴-1,hand_l_thumb_csys_J1,hand_l_thumb_axis_J1,hand_l_thumb_joint1,revolute,0.017142,0.0027828,-0.022667,0,0,0,hand_l_base_link,0,1,0,0,0,-0.349,0.349,,,,,,,,
hand_l_thumb_link2,0.00803200152284354,-0.00147610559558934,-0.000748745645216535,0,0,0,0.0110439619902591,8.39398732546912E-07,-7.35925147059068E-08,6.57392295575225E-09,8.52390469078362E-07,1.94387397272815E-08,4.81127069057781E-07,0,0,0,0,0,0,../meshes/hand_l_thumb_link2.STL,1,1,1,1,0,0,0,0,0,0,../meshes/hand_l_thumb_link2.STL,,Mirror大拇指模组-5.0-1/Mirror拇指CMC模组-01-1/Mirror拇指转接支架-1,hand_l_thumb_csys_J2,hand_l_thumb_axis_J2,hand_l_thumb_joint2,revolute,0,-0.019306,0,0,0,0,hand_l_thumb_link1,0,0,-1,0,0,0,1.745,,,,,,,,
hand_l_thumb_link3,0.018054,4.4626E-06,0.00044996,0,0,0,0.019817,1.5965E-06,4.9614E-11,1.5316E-07,2.8281E-06,-5.3837E-10,3.7196E-06,0,0,0,0,0,0,../meshes/hand_l_thumb_link3.STL,1,1,1,1,0,0,0,0,0,0,../meshes/hand_l_thumb_link3.STL,,Mirror大拇指模组-5.0-1/Mirror拇指MCP-1/Mirror拇指根指外壳-1,hand_l_thumb_csys_J3,hand_l_thumb_axis_J3,hand_l_thumb_joint3,revolute,0.0169997453244616,0,0,0,0,0,hand_l_thumb_link2,0,-1,0,0,0,0,0.698,,,,,,,,
hand_l_thumb_link4,0.0019325,-0.00036739,-0.0087764,0,0,0,0.0047407,9.6168E-08,-6.5927E-09,8.6571E-09,9.6907E-08,-1.4022E-08,7.7707E-08,0,0,0,0,0,0,../meshes/hand_l_thumb_link4.STL,1,1,1,1,0,0,0,0,0,0,../meshes/hand_l_thumb_link4.STL,,Mirror大拇指模组-5.0-1/Mirror拇指PIP模组-1/Mirror拇指PIP侧向支架-1,hand_l_thumb_csys_J4,hand_l_thumb_axis_J4,hand_l_thumb_joint4,revolute,0.0433,0,0.0057996,0,0,0,hand_l_thumb_link3,0,0,1,0,0,0,0.175,,,,,,,,
hand_l_thumb_link5,0.01444,5.6386E-06,0.005299,0,0,0,0.0077478,6.0211E-07,-3.4737E-11,7.8371E-08,1.1392E-06,-3.1001E-11,1.152E-06,0,0,0,0,0,0,../meshes/hand_l_thumb_link5.STL,1,1,1,1,0,0,0,0,0,0,../meshes/hand_l_thumb_link5.STL,,Mirror大拇指模组-5.0-1/Mirror拇指PIP模组-1/Mirror拇指从动外壳件-1,hand_l_thumb_csys_J5,hand_l_thumb_axis_J5,hand_l_thumb_joint5,revolute,0,0,-0.01685,0,0,0,hand_l_thumb_link4,0,-1,0,0,0,-0.175,1.047,,,,,,,,
hand_l_thumb_link6,0.014299,9.9591E-05,-0.0018329,0,0,0,0.0084662,1.6638E-07,-5.8837E-10,-3.5908E-08,3.3513E-07,-1.4679E-10,3.9291E-07,0,0,0,0,0,0,../meshes/hand_l_thumb_link6.STL,1,1,1,1,0,0,0,0,0,0,../meshes/hand_l_thumb_link6.STL,,Mirror大拇指模组-5.0-1/Mirror拇指DIP-1/Mirror拇指指尖-1,hand_l_thumb_csys_J6,hand_l_thumb_axis_J6,hand_l_thumb_joint6,revolute,0.026971,0,0.0075224,0,0,0,hand_l_thumb_link5,0,1,0,0,0,-0.175,1.047,,,,,,,,
hand_l_index_link1,7.552E-08,-0.011248,-7.478E-05,0,0,0,0.0032204,9.6169E-08,-1.3211E-13,-2.1963E-13,6.9441E-08,-1.7732E-09,1.5116E-07,0,0,0,0,0,0,../meshes/hand_l_index_link1.STL,0.61569,0.64314,0.67451,1,0,0,0,0,0,0,../meshes/hand_l_index_link1.STL,,Mirror食指模组-1/Mirror食指CMC模组-1/Mirror侧摆旋转轴-1,hand_l_index_csys_J1,hand_l_index_axis_J1,hand_l_index_joint1,revolute,0.031379,0.007637,-0.090373,0,0,0,hand_l_base_link,0,-1,0,0,0,-0.26,0.26,,,,,,,,
hand_l_index_link2,-4.4064E-07,0.0031225,-0.021011,0,0,0,0.012725,1.4157E-06,2.6804E-11,-1.8002E-10,1.6607E-06,5.4051E-08,4.0871E-07,0,0,0,0,0,0,../meshes/hand_l_index_link2.STL,0.86667,0.86667,0.8902,1,0,0,0,0,0,0,../meshes/hand_l_index_link2.STL,,Mirror食指模组-1/Mirror食指MCP模组-1/Mirror根指外壳-1,hand_l_index_csys_J2,hand_l_index_axis_J2,hand_l_index_joint2,revolute,0,-0.01855,0,0,0,0,hand_l_index_link1,-1,0,0,0,0,0,1.57,,,,,,,,
hand_l_index_link3,-0.00012718,0.0026085,-0.011943,0,0,0,0.0059985,5.3449E-07,-2.23E-10,1.0668E-09,5.4707E-07,-1.5345E-08,2.7359E-07,0,0,0,0,0,0,../meshes/hand_l_index_link3.STL,1,1,1,1,0,0,0,0,0,0,../meshes/hand_l_index_link3.STL,,Mirror食指模组-1/Mirror食指PIP模组-1/Mirror中节外壳-1,hand_l_index_csys_J3,hand_l_index_axis_J3,hand_l_index_joint3,revolute,0,0.0019096,-0.040445,0,0,0,hand_l_index_link2,1,0,0,0,0,0,1.57,,,,,,,,
hand_l_index_link4,-8.2996E-05,0.0011791,-0.01124,0,0,0,0.0080504,3.0419E-07,9.9434E-11,-2.3537E-10,3.4317E-07,4.1739E-08,1.4063E-07,0,0,0,0,0,0,../meshes/hand_l_index_link4.STL,1,1,1,1,0,0,0,0,0,0,../meshes/hand_l_index_link4.STL,,Mirror食指模组-1/Mirror食指DIP模组-1/Mirror指尖-1,hand_l_index_csys_J4,hand_l_index_axis_J4,hand_l_index_joint4,revolute,0,0.0016562,-0.023983,0,0,0,hand_l_index_link3,-1,0,0,0,0,-0.175,1.57,,,,,,,,
hand_l_middle_link1,-1.882E-06,-0.011248,-7.4756E-05,0,0,0,0.0032204,9.6207E-08,-4.6548E-11,1.4388E-09,6.9441E-08,-1.7726E-09,1.5112E-07,0,0,0,0,0,0,../meshes/hand_l_middle_link1.STL,0.61569,0.64314,0.67451,1,0,0,0,0,0,0,../meshes/hand_l_middle_link1.STL,,Mirror中指模组-1/Mirror食指CMC模组1-1/Mirror侧摆旋转轴-1,hand_l_middle_csys_J1,hand_l_middle_axis_J1,hand_l_middle_joint1,revolute,0.0091327,0.0082664,-0.09692,0,0,0,hand_l_base_link,0,-1,0,0,0,-0.26,0.26,,,,,,,,
hand_l_middle_link2,-0.00055044,0.0031225,-0.021004,0,0,0,0.012725,1.415E-06,1.4418E-09,-2.6527E-08,1.6607E-06,5.4034E-08,4.0942E-07,0,0,0,0,0,0,../meshes/hand_l_middle_link2.STL,0.86667,0.86667,0.8902,1,0,0,0,0,0,0,../meshes/hand_l_middle_link2.STL,,Mirror中指模组-1/Mirror食指MCP模组1-1/Mirror根指外壳-1,hand_l_middle_csys_J2,hand_l_middle_axis_J2,hand_l_middle_joint2,revolute,0,-0.0185500609447499,0,0,0,0,hand_l_middle_link1,-0.999657324975557,0,0.026176948307869,0,0,0,1.57,,,,,,,,
hand_l_middle_link3,-0.00043973,0.0026084,-0.011935,0,0,0,0.0059986,5.3438E-07,-6.2461E-10,-5.7545E-09,5.4709E-07,-1.5336E-08,2.7372E-07,0,0,0,0,0,0,../meshes/hand_l_middle_link3.STL,1,1,1,1,0,0,0,0,0,0,../meshes/hand_l_middle_link3.STL,,Mirror中指模组-1/Mirror食指PIP模组1-1/Mirror中节外壳-1,hand_l_middle_csys_J3,hand_l_middle_axis_J3,hand_l_middle_joint3,revolute,-0.0010587,0.0019096,-0.040431,0,0,0,hand_l_middle_link2,0.99966,0,-0.026177,0,0,0,1.57,,,,,,,,
hand_l_middle_link4,-0.0003772,0.0011791,-0.011234,0,0,0,0.0080504,3.0406E-07,1.192E-09,-4.5149E-09,3.4317E-07,4.1723E-08,1.4076E-07,0,0,0,0,0,0,../meshes/hand_l_middle_link4.STL,1,1,1,1,0,0,0,0,0,0,../meshes/hand_l_middle_link4.STL,,Mirror中指模组-1/Mirror食指DIP模组1-1/Mirror指尖-1,hand_l_middle_csys_J4,hand_l_middle_axis_J4,hand_l_middle_joint4,revolute,-0.0006278,0.0016562,-0.023975,0,0,0,hand_l_middle_link3,-0.99966,0,0.026177,0,0,-0.175,1.57,,,,,,,,
hand_l_ring_link1,-3.8389E-06,-0.011248,-7.4681E-05,0,0,0,0.0032204,9.632E-08,-9.2931E-11,2.8739E-09,6.9441E-08,-1.7707E-09,1.5101E-07,0,0,0,0,0,0,../meshes/hand_l_ring_link1.STL,0.61569,0.64314,0.67451,1,0,0,0,0,0,0,../meshes/hand_l_ring_link1.STL,,Mirror无名指模组-1/Mirror无名指CMC模组-1/Mirror侧摆旋转轴-1,hand_l_ring_csys_J1,hand_l_ring_axis_J1,hand_l_ring_joint1,revolute,-0.013114,0.0088651,-0.089413,0,0,0,hand_l_base_link,0,-1,0,0,0,-0.26,0.26,,,,,,,,
hand_l_ring_link2,-0.0011,0.0031225,-0.020983,0,0,0,0.012725,1.4129E-06,2.8564E-09,-5.2803E-08,1.6607E-06,5.3978E-08,4.115E-07,0,0,0,0,0,0,../meshes/hand_l_ring_link2.STL,0.86667,0.86667,0.8902,1,0,0,0,0,0,0,../meshes/hand_l_ring_link2.STL,,Mirror无名指模组-1/Mirror食指MCP模组2-1/Mirror根指外壳-1,hand_l_ring_csys_J2,hand_l_ring_axis_J2,hand_l_ring_joint2,revolute,0,-0.01855,0,0,0,0,hand_l_ring_link1,-0.99863,0,0.052336,0,0,0,1.57,,,,,,,,
hand_l_ring_link3,-0.00075195,0.0026084,-0.01192,0,0,0,0.0059986,5.3391E-07,-1.0261E-09,-1.2565E-08,5.471E-07,-1.5314E-08,2.742E-07,0,0,0,0,0,0,../meshes/hand_l_ring_link3.STL,1,1,1,1,0,0,0,0,0,0,../meshes/hand_l_ring_link3.STL,,Mirror无名指模组-1/Mirror食指PIP模组2-1/Mirror中节外壳-1,hand_l_ring_csys_J3,hand_l_ring_axis_J2,hand_l_ring_joint3,revolute,-0.0021167,0.0019096,-0.040389,0,0,0,hand_l_ring_link2,-0.99863,0,0.052336,0,0,0,1.57,,,,,,,,
hand_l_ring_link4,-0.00067115,0.0011791,-0.011221,0,0,0,0.0080504,3.0371E-07,2.2837E-09,-8.7818E-09,3.4317E-07,4.1677E-08,1.411E-07,0,0,0,0,0,0,../meshes/hand_l_ring_link4.STL,1,1,1,1,0,0,0,0,0,0,../meshes/hand_l_ring_link4.STL,,Mirror无名指模组-1/Mirror食指DIP模组2-1/Mirror指尖-1,hand_l_ring_csys_J4,hand_l_ring_axis_J4,hand_l_ring_joint4,revolute,-0.0012552,0.0016562,-0.02395,0,0,0,hand_l_ring_link3,-0.99863,0,0.052336,0,0,-0.175,1.57,,,,,,,,
hand_l_pinky_link1,-5.1417E-06,-0.011248,-7.4603E-05,0,0,0,0.0032204,9.6437E-08,-1.2382E-10,3.8265E-09,6.9441E-08,-1.7688E-09,1.5089E-07,0,0,0,0,0,0,../meshes/hand_l_pinky_link1.STL,0.61569,0.64314,0.67451,1,0,0,0,0,0,0,../meshes/hand_l_pinky_link1.STL,,Mirror小指模组-1/Mirror小指CMC模组-1/Mirror侧摆旋转轴-1,hand_l_pinky_csys_J1,hand_l_pinky_axis_J1,hand_l_pinky_joint1,revolute,-0.0360937886938731,0.00786507079771729,-0.0795492205917025,0,0,0,hand_l_base_link,0,-1,0,0,0,-0.26,0.26,,,,,,,,
hand_l_pinky_link2,-0.0014661,0.0031225,-0.02096,0,0,0,0.012725,1.4108E-06,3.7981E-09,-7.0246E-08,1.6607E-06,5.392E-08,4.1364E-07,0,0,0,0,0,0,../meshes/hand_l_pinky_link2.STL,0.86667,0.86667,0.8902,1,0,0,0,0,0,0,../meshes/hand_l_pinky_link2.STL,,Mirror小指模组-1/Mirror小指MCP模组-1/Mirror根指外壳-1,hand_l_pinky_csys_J2,hand_l_pinky_axis_J2,hand_l_pinky_joint2,revolute,0,-0.01855,0,0,0,0,hand_l_pinky_link1,-0.99756,0,0.069756,0,0,0,1.57,,,,,,,,
hand_l_pinky_link3,-0.00089817,0.0029686,-0.010936,0,0,0,0.0020104,1.6432E-07,-4.8788E-10,-4.6998E-09,1.7072E-07,-5.4048E-09,9.2003E-08,0,0,0,0,0,0,../meshes/hand_l_pinky_link3.STL,1,1,1,1,0,0,0,0,0,0,../meshes/hand_l_pinky_link3.STL,,Mirror小指模组-1/Mirror小指PIP模组-1/Mirror小指中节外壳-1,hand_l_pinky_csys_J3,hand_l_pinky_axis_J3,hand_l_pinky_joint3,revolute,-0.0028213,0.0019096,-0.040346,0,0,0,hand_l_pinky_link2,0.99756,0,-0.069756,0,0,0,1.57,,,,,,,,
hand_l_pinky_link4,-0.00086687,0.0011791,-0.011207,0,0,0,0.0080503,3.0336E-07,3.0107E-09,-1.1614E-08,3.4317E-07,4.1631E-08,1.4146E-07,0,0,0,0,0,0,../meshes/hand_l_pinky_link4.STL,1,1,1,1,0,0,0,0,0,0,../meshes/hand_l_pinky_link4.STL,,Mirror小指模组-1/Mirror小指指尖模组-1/Mirror指尖-1,hand_l_pinky_csys_J4,hand_l_pinky_axis_J4,hand_l_pinky_joint4,revolute,-0.0015327,0.0016359,-0.021919,0,0,0,hand_l_pinky_link3,-0.99756,0,0.069756,0,0,-0.175,1.57,,,,,,,,
